Texp,weight
180.6508331298828,0.06247858281097233
232.64727783203125,0.062499405045045905
288.9837646484375,0.06249762019151071
319.03106689453125,0.06249464547337544
402.31427001953125,0.062490480947274454
562.639892578125,0.06248512669249432
392.1815185546875,0.06247858281097233
238.36300659179688,0.062470849427294556
545.5465087890625,0.062499405045045905
544.6303100585938,0.06249762019151071
644.0065307617188,0.06249464547337544
889.4332275390625,0.062490480947274454
854.2647094726562,0.06248512669249432
745.1266479492188,0.06247858281097233
331.59283447265625,0.062470849427294556
301.67864990234375,0.0625
344.461669921875,0.062499405045045905
217.18032836914062,0.06249762019151071
787.5386352539062,0.062499405045045905
962.839111328125,0.06249762019151071
1042.3018798828125,0.06249464547337544
1169.1536865234375,0.062490480947274454
1182.8992919921875,0.06248512669249432
893.1288452148438,0.06247858281097233
478.9026794433594,0.062470849427294556
770.4771118164062,0.0625
704.6768798828125,0.062499405045045905
636.2421264648438,0.06249762019151071
537.1932373046875,0.06249464547337544
347.1268615722656,0.062490480947274454
290.0022277832031,0.06248512669249432
1130.291259765625,0.062499405045045905
1149.8907470703125,0.06249762019151071
1187.420166015625,0.06249464547337544
1246.2071533203125,0.062490480947274454
1319.1243896484375,0.06248512669249432
1224.5882568359375,0.06247858281097233
920.0861206054688,0.062470849427294556
560.716064453125,0.062461926688693485
1071.9678955078125,0.0625
984.6751708984375,0.062499405045045905
882.6084594726562,0.06249762019151071
840.8611450195312,0.06249464547337544
746.7779541015625,0.062490480947274454
585.6813354492188,0.06248512669249432
553.8569946289062,0.06247858281097233
463.76715087890625,0.062470849427294556
430.0267333984375,0.062461926688693485
288.2640075683594,0.06245181476504518
311.6768493652344,0.06244051384886611
214.46575927734375,0.062414345922160865
330.7445983886719,0.06248626589022792
255.9657440185547,0.06247018905281945
1185.51953125,0.062499405045045905
1191.3531494140625,0.06249762019151071
1202.0623779296875,0.06249464547337544
1212.0194091796875,0.062490480947274454
1511.4385986328125,0.06248512669249432
1540.7435302734375,0.06247858281097233
1165.48486328125,0.062470849427294556
603.3229370117188,0.062461926688693485
237.0493621826172,0.06245181476504518
1186.0224609375,0.0625
1189.447021484375,0.062499405045045905
1174.9190673828125,0.06249762019151071
1136.3250732421875,0.06249464547337544
1061.7156982421875,0.062490480947274454
998.3453369140625,0.06248512669249432
911.9835815429688,0.06247858281097233
857.6952514648438,0.062470849427294556
754.5475463867188,0.062461926688693485
756.7900390625,0.06245181476504518
655.0596923828125,0.06244051384886611
540.5308227539062,0.06242802415530942
453.55877685546875,0.062414345922160865
1195.8369140625,0.062499405045045905
1200.0806884765625,0.06249762019151071
1203.778076171875,0.06249464547337544
1204.7603759765625,0.062490480947274454
1590.2987060546875,0.06248512669249432
1682.4447021484375,0.06247858281097233
1524.3084716796875,0.062470849427294556
773.432373046875,0.062461926688693485
1198.7464599609375,0.0625
1199.744873046875,0.062499405045045905
1200.10888671875,0.06249762019151071
1199.564208984375,0.06249464547337544
1199.5196533203125,0.062490480947274454
1182.3988037109375,0.06248512669249432
1171.1373291015625,0.06247858281097233
1131.676513671875,0.062470849427294556
1095.3543701171875,0.062461926688693485
1062.0037841796875,0.06245181476504518
1050.1318359375,0.06244051384886611
963.9843139648438,0.06242802415530942
921.0712890625,0.062414345922160865
721.6101684570312,0.0624862658902421
489.6487121582031,0.06247018905283364
550.41064453125,0.062452922873074454
314.4056091308594,0.06243446767968771
432.0166015625,0.06248089138995612
305.40478515625,0.06245884068578969
296.6808166503906,0.062435600855329086
270.010986328125,0.06241117234102718
1023.3673095703125,0.06248626589022792
896.3341674804688,0.06247018905281945
829.4127807617188,0.06245292287306027
695.2477416992188,0.06243446767967353
584.2528686523438,0.06241482382401953
1200.22705078125,0.062499405045045905
1196.36962890625,0.06249762019151071
1197.6363525390625,0.06249464547337544
1193.6629638671875,0.062490480947274454
1386.416259765625,0.06248512669249432
1781.0494384765625,0.06247858281097233
1679.323974609375,0.062470849427294556
1062.5289306640625,0.062461926688693485
1198.798583984375,0.0625
1199.471435546875,0.062499405045045905
1200.4912109375,0.06249762019151071
1199.1700439453125,0.06249464547337544
1199.657470703125,0.062490480947274454
1200.5057373046875,0.06248512669249432
1199.5992431640625,0.06247858281097233
1200.5321044921875,0.062470849427294556
1198.801513671875,0.062461926688693485
1194.5399169921875,0.06245181476504518
1194.541748046875,0.06244051384886611
1163.1861572265625,0.06242802415530942
1119.776123046875,0.062414345922160865
379.104248046875,0.06247256475105982
752.4673461914062,0.06248089138995612
689.2295532226562,0.06245884068578969
654.16162109375,0.062435600855329086
558.7173461914062,0.06241117234102718
1187.9605712890625,0.062499405045045905
1182.71923828125,0.06249762019151071
1178.701416015625,0.06249464547337544
1179.644775390625,0.062490480947274454
1256.4234619140625,0.06248512669249432
1658.031982421875,0.06247858281097233
1697.6798095703125,0.062470849427294556
1043.53564453125,0.062461926688693485
645.7147216796875,0.06245181476504518
1188.73876953125,0.0625
1191.6796875,0.062499405045045905
1193.86865234375,0.06249762019151071
1197.12451171875,0.06249464547337544
1199.84814453125,0.062490480947274454
1198.9183349609375,0.06248512669249432
1199.10498046875,0.06247858281097233
1200.0838623046875,0.062470849427294556
1198.7467041015625,0.062461926688693485
1198.8704833984375,0.06245181476504518
1198.5621337890625,0.06244051384886611
1199.5299072265625,0.06242802415530942
1200.2459716796875,0.062414345922160865
1192.250244140625,0.0624862658902421
1156.1239013671875,0.06247018905283364
1088.2216796875,0.062452922873074454
1075.938720703125,0.06243446767968771
972.1446533203125,0.0624148238240337
1101.3590087890625,0.06248089138995612
1016.894775390625,0.06245884068578969
962.0809326171875,0.062435600855329086
913.0118408203125,0.06241117234102718
475.6346435546875,0.06247256475107397
214.5977783203125,0.062445722902772685
1199.1632080078125,0.0624862658902421
1198.475830078125,0.06247018905283364
1186.6063232421875,0.062452922873074454
1179.2320556640625,0.06243446767968771
1165.2314453125,0.0624148238240337
1175.0194091796875,0.062499405045045905
1174.8974609375,0.06249762019151071
1176.0972900390625,0.06249464547337544
1177.619384765625,0.062490480947274454
1222.9658203125,0.06248512669249432
1597.542236328125,0.06247858281097233
1802.001708984375,0.062470849427294556
1394.4227294921875,0.062461926688693485
603.1983642578125,0.06245181476504518
1177.618408203125,0.0625
1180.833251953125,0.062499405045045905
1182.1885986328125,0.06249762019151071
1186.2686767578125,0.06249464547337544
1189.216064453125,0.062490480947274454
1192.9549560546875,0.06248512669249432
1194.70361328125,0.06247858281097233
1198.260009765625,0.062470849427294556
1199.165283203125,0.062461926688693485
1199.730224609375,0.06245181476504518
1198.4189453125,0.06244051384886611
1199.6141357421875,0.06242802415530942
1198.367919921875,0.062414345922160865
694.9207763671875,0.06247256475107397
234.8138427734375,0.062445722902772685
1189.063232421875,0.06248089138995612
1209.122314453125,0.06245884068578969
1267.9725341796875,0.062435600855329086
1092.5791015625,0.06241117234102718
1177.351806640625,0.062499405045045905
1179.4212646484375,0.06249762019151071
1183.3192138671875,0.06249464547337544
1188.449462890625,0.062490480947274454
1193.5302734375,0.06248512669249432
1494.7589111328125,0.06247858281097233
1777.6619873046875,0.062470849427294556
1492.6104736328125,0.062461926688693485
775.7398681640625,0.06245181476504518
407.20574951171875,0.06244051384886611
1174.2373046875,0.0625
1174.56884765625,0.062499405045045905
1172.456298828125,0.06249762019151071
1175.1483154296875,0.06249464547337544
1177.0518798828125,0.062490480947274454
1180.21435546875,0.06248512669249432
1183.1031494140625,0.06247858281097233
1185.9766845703125,0.062470849427294556
1190.6312255859375,0.062461926688693485
1189.51318359375,0.06245181476504518
1196.281005859375,0.06244051384886611
1198.31689453125,0.06242802415530942
1198.9090576171875,0.062414345922160865
1198.521728515625,0.0624862658902421
1196.6287841796875,0.06247018905283364
1183.269287109375,0.062452922873074454
1174.7359619140625,0.06243446767968771
1178.030517578125,0.0624148238240337
1190.8914794921875,0.06248089138995612
1247.1973876953125,0.06245884068578969
1270.793212890625,0.062435600855329086
1055.3731689453125,0.06241117234102718
572.3863525390625,0.06247256475105982
183.55995178222656,0.062445722902758544
1197.0120849609375,0.0624862658902421
1197.77294921875,0.06247018905283364
1188.1925048828125,0.062452922873074454
1183.803955078125,0.06243446767968771
1182.6173095703125,0.0624148238240337
1187.8131103515625,0.062499405045045905
1191.1378173828125,0.06249762019151071
1194.9007568359375,0.06249464547337544
1196.261474609375,0.062490480947274454
1200.89208984375,0.06248512669249432
1438.663818359375,0.06247858281097233
1656.2958984375,0.062470849427294556
1491.89208984375,0.062461926688693485
846.8592529296875,0.06245181476504518
329.2738952636719,0.06244051384886611
1185.6881103515625,0.0625
1178.2977294921875,0.062499405045045905
1176.86669921875,0.06249762019151071
1175.4840087890625,0.06249464547337544
1173.7977294921875,0.062490480947274454
1171.7615966796875,0.06248512669249432
1171.9244384765625,0.06247858281097233
1173.11865234375,0.062470849427294556
1174.294921875,0.062461926688693485
1178.5318603515625,0.06245181476504518
1180.6732177734375,0.06244051384886611
1187.338623046875,0.06242802415530942
1189.9730224609375,0.062414345922160865
471.1483154296875,0.06247256475107397
232.213134765625,0.062445722902772685
1196.8953857421875,0.06248089138995612
1262.953857421875,0.06245884068578969
1242.8895263671875,0.062435600855329086
1031.6175537109375,0.06241117234102718
1196.2298583984375,0.062499405045045905
1197.1065673828125,0.06249762019151071
1197.754150390625,0.06249464547337544
1197.8182373046875,0.062490480947274454
1193.374267578125,0.06248512669249432
1231.0794677734375,0.06247858281097233
1472.1700439453125,0.062470849427294556
1403.8455810546875,0.062461926688693485
863.5108642578125,0.06245181476504518
190.5918426513672,0.06244051384886611
1193.8218994140625,0.0625
1192.3594970703125,0.062499405045045905
1185.513671875,0.06249762019151071
1186.419921875,0.06249464547337544
1181.7501220703125,0.062490480947274454
1179.5169677734375,0.06248512669249432
1178.094970703125,0.06247858281097233
1175.9912109375,0.062470849427294556
1173.174560546875,0.062461926688693485
1170.382080078125,0.06245181476504518
1173.0537109375,0.06244051384886611
1173.326904296875,0.06242802415530942
1174.9000244140625,0.062414345922160865
1181.28515625,0.0624862658902421
1187.0233154296875,0.06247018905283364
1193.71484375,0.062452922873074454
1192.589111328125,0.06243446767968771
1195.440185546875,0.0624148238240337
1201.425048828125,0.06248089138995612
1292.6180419921875,0.06245884068578969
1199.571044921875,0.062435600855329086
813.7637329101562,0.06241117234102718
385.9137268066406,0.06247256475107397
1174.6007080078125,0.0624862658902421
1179.93505859375,0.06247018905283364
1187.2550048828125,0.062452922873074454
1194.0927734375,0.06243446767968771
1198.4024658203125,0.0624148238240337
1195.9759521484375,0.062499405045045905
1195.5557861328125,0.06249762019151071
1191.24853515625,0.06249464547337544
1188.6488037109375,0.062490480947274454
1176.090087890625,0.06248512669249432
1163.8502197265625,0.06247858281097233
1247.4473876953125,0.062470849427294556
1163.7779541015625,0.062461926688693485
772.5280151367188,0.06245181476504518
418.46746826171875,0.06244051384886611
1194.791015625,0.0625
1194.7418212890625,0.062499405045045905
1193.641845703125,0.06249762019151071
1195.8953857421875,0.06249464547337544
1193.7159423828125,0.062490480947274454
1188.423583984375,0.06248512669249432
1189.8599853515625,0.06247858281097233
1185.564453125,0.062470849427294556
1180.2088623046875,0.062461926688693485
1177.2156982421875,0.06245181476504518
1173.03125,0.06244051384886611
1172.0225830078125,0.06242802415530942
1172.4932861328125,0.062414345922160865
223.0699005126953,0.06247256475105982
1231.300048828125,0.06248089138995612
1292.98291015625,0.06245884068578969
1089.6881103515625,0.062435600855329086
632.076171875,0.06241117234102718
1185.1282958984375,0.062499405045045905
1169.69970703125,0.06249762019151071
1163.6163330078125,0.06249464547337544
1143.9437255859375,0.062490480947274454
1134.6968994140625,0.06248512669249432
1115.9212646484375,0.06247858281097233
1180.757568359375,0.062470849427294556
1328.9381103515625,0.062461926688693485
1268.1280517578125,0.06245181476504518
662.8224487304688,0.06244051384886611
329.596923828125,0.06242802415530942
1189.05908203125,0.0625
1186.7200927734375,0.062499405045045905
1194.278564453125,0.06249762019151071
1191.681640625,0.06249464547337544
1193.7474365234375,0.062490480947274454
1195.5277099609375,0.06248512669249432
1194.7662353515625,0.06247858281097233
1194.5091552734375,0.062470849427294556
1191.1427001953125,0.062461926688693485
1190.5281982421875,0.06245181476504518
1187.140625,0.06244051384886611
1182.659423828125,0.06242802415530942
1180.329833984375,0.062414345922160865
1174.9638671875,0.0624862658902421
1179.9178466796875,0.06247018905283364
1188.0277099609375,0.062452922873074454
1192.970703125,0.06243446767968771
1198.0394287109375,0.0624148238240337
1244.84814453125,0.06248089138995612
1265.6475830078125,0.06245884068578969
966.2330932617188,0.062435600855329086
635.0330810546875,0.06241117234102718
224.37998962402344,0.06247256475108812
1184.698974609375,0.0624862658902421
1187.4998779296875,0.06247018905283364
1191.8419189453125,0.062452922873074454
1195.2344970703125,0.06243446767968771
1199.416015625,0.0624148238240337
1143.557861328125,0.062499405045045905
1130.6611328125,0.06249762019151071
1100.2613525390625,0.06249464547337544
1091.93212890625,0.062490480947274454
1068.8363037109375,0.06248512669249432
1060.1866455078125,0.06247858281097233
1183.999755859375,0.062470849427294556
1789.787109375,0.062461926688693485
1864.6373291015625,0.06245181476504518
1328.8206787109375,0.06244051384886611
745.9478759765625,0.06242802415530942
1153.027099609375,0.0625
1162.6827392578125,0.062499405045045905
1177.829345703125,0.06249762019151071
1183.1318359375,0.06249464547337544
1188.85009765625,0.062490480947274454
1193.189453125,0.06248512669249432
1194.5972900390625,0.06247858281097233
1194.1651611328125,0.062470849427294556
1193.0584716796875,0.062461926688693485
1194.25927734375,0.06245181476504518
1194.4207763671875,0.06244051384886611
1193.639892578125,0.06242802415530942
1191.8988037109375,0.062414345922160865
1285.1824951171875,0.06248089138995612
1223.25048828125,0.06245884068578969
908.6181640625,0.062435600855329086
394.3400573730469,0.06241117234102718
1081.6629638671875,0.062499405045045905
1065.053955078125,0.06249762019151071
1060.7608642578125,0.06249464547337544
1285.4913330078125,0.062490480947274454
1381.40673828125,0.06248512669249432
1236.942138671875,0.06247858281097233
1176.093017578125,0.062470849427294556
1775.0245361328125,0.062461926688693485
2028.3206787109375,0.06245181476504518
1569.034423828125,0.06244051384886611
809.3356323242188,0.06242802415530942
1098.6767578125,0.0625
1120.640625,0.062499405045045905
1129.624755859375,0.06249762019151071
1143.884765625,0.06249464547337544
1148.4332275390625,0.062490480947274454
1167.75732421875,0.06248512669249432
1176.326416015625,0.06247858281097233
1186.1055908203125,0.062470849427294556
1187.1363525390625,0.062461926688693485
1191.3741455078125,0.06245181476504518
1192.92041015625,0.06244051384886611
1194.932861328125,0.06242802415530942
1193.593994140625,0.062414345922160865
1193.8834228515625,0.0624862658902421
1193.8985595703125,0.06247018905283364
1194.17333984375,0.062452922873074454
1196.329833984375,0.06243446767968771
1197.5849609375,0.0624148238240337
1300.9979248046875,0.06248089138995612
1184.780029296875,0.06245884068578969
825.5658569335938,0.062435600855329086
1193.644287109375,0.0624862658902421
1194.4024658203125,0.06247018905283364
1194.8319091796875,0.062452922873074454
1194.6441650390625,0.06243446767968771
1214.5042724609375,0.0624148238240337
1049.738525390625,0.062499405045045905
1063.7379150390625,0.06249762019151071
1145.8138427734375,0.06249464547337544
1759.8304443359375,0.062490480947274454
1973.46337890625,0.06248512669249432
1728.34375,0.06247858281097233
1105.8214111328125,0.062470849427294556
1258.42529296875,0.062461926688693485
1369.4671630859375,0.06245181476504518
1094.3399658203125,0.06244051384886611
692.8703002929688,0.06242802415530942
1049.01904296875,0.0625
1057.2945556640625,0.062499405045045905
1075.6702880859375,0.06249762019151071
1077.08203125,0.06249464547337544
1095.79541015625,0.062490480947274454
1118.3875732421875,0.06248512669249432
1129.39013671875,0.06247858281097233
1148.9588623046875,0.062470849427294556
1153.5452880859375,0.062461926688693485
1168.3907470703125,0.06245181476504518
1179.7716064453125,0.06244051384886611
1179.710205078125,0.06242802415530942
1190.97314453125,0.062414345922160865
1290.23193359375,0.06248089138995612
1069.7347412109375,0.06245884068578969
743.8419189453125,0.062435600855329086
208.51141357421875,0.06241117234102718
1119.427001953125,0.062499405045045905
1130.3758544921875,0.06249762019151071
1443.2247314453125,0.06249464547337544
1983.2998046875,0.062490480947274454
2250.855712890625,0.06248512669249432
1778.4993896484375,0.06247858281097233
946.2979125976562,0.062470849427294556
530.085205078125,0.062461926688693485
576.7351684570312,0.06245181476504518
581.8853149414062,0.06244051384886611
1105.51708984375,0.0625
1083.5439453125,0.062499405045045905
1062.933837890625,0.06249762019151071
1056.11572265625,0.06249464547337544
1055.15283203125,0.062490480947274454
1060.4158935546875,0.06248512669249432
1082.1478271484375,0.06247858281097233
1092.1702880859375,0.062470849427294556
1106.62939453125,0.062461926688693485
1109.973388671875,0.06245181476504518
1128.3616943359375,0.06244051384886611
1148.5565185546875,0.06242802415530942
1159.7020263671875,0.062414345922160865
1181.0582275390625,0.0624862658902421
1187.859130859375,0.06247018905283364
1192.1544189453125,0.062452922873074454
1194.564697265625,0.06243446767968771
1228.0811767578125,0.0624148238240337
1279.129150390625,0.06248089138995612
937.0802001953125,0.06245884068578969
543.2467651367188,0.062435600855329086
240.8487548828125,0.06241117234102718
1138.2418212890625,0.0624862658902421
1153.0509033203125,0.06247018905283364
1160.6378173828125,0.062452922873074454
1177.380615234375,0.06243446767968771
1234.464599609375,0.0624148238240337
1154.0460205078125,0.062499405045045905
1139.2691650390625,0.06249762019151071
1140.851806640625,0.06249464547337544
1757.0433349609375,0.062490480947274454
1854.6654052734375,0.06248512669249432
1398.603515625,0.06247858281097233
610.6170654296875,0.062470849427294556
189.24351501464844,0.062461926688693485
1160.8267822265625,0.0625
1156.078125,0.062499405045045905
1150.8797607421875,0.06249762019151071
1128.9111328125,0.06249464547337544
1098.3074951171875,0.062490480947274454
1081.5516357421875,0.06248512669249432
1063.282958984375,0.06247858281097233
1051.4798583984375,0.062470849427294556
1060.467041015625,0.062461926688693485
1062.5823974609375,0.06245181476504518
1077.5323486328125,0.06244051384886611
1098.3016357421875,0.06242802415530942
1108.3541259765625,0.062414345922160865
1182.0919189453125,0.06248089138995612
869.1654052734375,0.06245884068578969
478.30633544921875,0.062435600855329086
1084.54296875,0.062499405045045905
1021.9901733398438,0.06249762019151071
1008.9060668945312,0.06249464547337544
1216.5909423828125,0.062490480947274454
1349.205322265625,0.06248512669249432
799.86669921875,0.06247858281097233
313.4274597167969,0.062470849427294556
1095.2869873046875,0.0625
1135.8203125,0.062499405045045905
1149.19140625,0.06249762019151071
1155.12353515625,0.06249464547337544
1156.636962890625,0.062490480947274454
1145.6824951171875,0.06248512669249432
1132.0587158203125,0.06247858281097233
1097.3931884765625,0.062470849427294556
1097.814697265625,0.062461926688693485
1088.1407470703125,0.06245181476504518
1065.1190185546875,0.06244051384886611
1051.998779296875,0.06242802415530942
1056.6409912109375,0.062414345922160865
1080.9007568359375,0.0624862658902421
1100.4156494140625,0.06247018905283364
1105.97900390625,0.062452922873074454
1132.5211181640625,0.06243446767968771
1246.5677490234375,0.0624148238240337
1122.3892822265625,0.06248089138995612
655.401123046875,0.06245884068578969
1056.828857421875,0.0624862658902421
1056.8697509765625,0.06247018905283364
1056.0247802734375,0.062452922873074454
1090.8890380859375,0.06243446767968771
1167.4932861328125,0.0624148238240337
926.488037109375,0.062499405045045905
888.4881591796875,0.06249762019151071
872.1398315429688,0.06249464547337544
886.9111328125,0.062490480947274454
937.0677490234375,0.06248512669249432
793.3662719726562,0.06247858281097233
657.8872680664062,0.062470849427294556
255.58004760742188,0.062461926688693485
971.3993530273438,0.0625
1029.568603515625,0.062499405045045905
1037.0152587890625,0.06249762019151071
1086.7489013671875,0.06249464547337544
1106.5540771484375,0.062490480947274454
1130.10693359375,0.06248512669249432
1157.986572265625,0.06247858281097233
1157.070556640625,0.062470849427294556
1157.2691650390625,0.062461926688693485
1147.15478515625,0.06245181476504518
1128.9053955078125,0.06244051384886611
1111.5511474609375,0.06242802415530942
1098.6990966796875,0.062414345922160865
952.3651123046875,0.06248089138995612
600.4210205078125,0.06245884068578969
188.22035217285156,0.062435600855329086
840.1219482421875,0.062499405045045905
840.0756225585938,0.06249762019151071
840.5584716796875,0.06249464547337544
875.862060546875,0.062490480947274454
1099.346435546875,0.06248512669249432
1101.220458984375,0.06247858281097233
737.204345703125,0.062470849427294556
360.0407409667969,0.062461926688693485
840.9320068359375,0.0625
864.3324584960938,0.062499405045045905
919.35498046875,0.06249762019151071
960.3377075195312,0.06249464547337544
999.5420532226562,0.062490480947274454
1023.6690063476562,0.06248512669249432
1060.8572998046875,0.06247858281097233
1087.503662109375,0.062470849427294556
1100.883544921875,0.062461926688693485
1134.2520751953125,0.06245181476504518
1143.5762939453125,0.06244051384886611
1154.3834228515625,0.06242802415530942
1144.99072265625,0.062414345922160865
1124.05810546875,0.0624862658902421
1107.75439453125,0.06247018905283364
1089.8759765625,0.062452922873074454
1115.7459716796875,0.06243446767968771
1127.2735595703125,0.0624148238240337
848.5040893554688,0.06248089138995612
494.6827697753906,0.06245884068578969
1150.666748046875,0.0624862658902421
1150.14306640625,0.06247018905283364
1149.633056640625,0.062452922873074454
1200.1568603515625,0.06243446767968771
1154.3131103515625,0.0624148238240337
839.39306640625,0.062499405045045905
840.4649047851562,0.06249762019151071
840.79931640625,0.06249464547337544
853.0508422851562,0.062490480947274454
1117.4295654296875,0.06248512669249432
1266.5205078125,0.06247858281097233
973.7855224609375,0.062470849427294556
587.953369140625,0.062461926688693485
839.2811279296875,0.0625
839.9923095703125,0.062499405045045905
841.0200805664062,0.06249762019151071
838.5494384765625,0.06249464547337544
846.1006469726562,0.062490480947274454
859.1239013671875,0.06248512669249432
893.8555297851562,0.06247858281097233
955.0437622070312,0.062470849427294556
991.0826416015625,0.062461926688693485
1029.6641845703125,0.06245181476504518
1055.568359375,0.06244051384886611
1084.2913818359375,0.06242802415530942
1114.200927734375,0.062414345922160865
886.90234375,0.06248089138995612
503.449462890625,0.06245884068578969
838.9217529296875,0.062499405045045905
838.1217651367188,0.06249762019151071
841.4677124023438,0.06249464547337544
851.0056762695312,0.062490480947274454
1146.2218017578125,0.06248512669249432
1499.2659912109375,0.06247858281097233
1389.0445556640625,0.062470849427294556
734.6676635742188,0.062461926688693485
840.1817626953125,0.0625
839.0794677734375,0.062499405045045905
836.6192626953125,0.06249762019151071
838.3333129882812,0.06249464547337544
839.519775390625,0.062490480947274454
837.7191772460938,0.06248512669249432
838.662109375,0.06247858281097233
841.6886596679688,0.062470849427294556
851.2063598632812,0.062461926688693485
894.6160888671875,0.06245181476504518
901.9678955078125,0.06244051384886611
935.4713134765625,0.06242802415530942
993.2931518554688,0.062414345922160865
1065.2579345703125,0.0624862658902421
1099.232177734375,0.06247018905283364
1125.6307373046875,0.062452922873074454
1177.0870361328125,0.06243446767968771
1123.57861328125,0.0624148238240337
902.754150390625,0.06248089138995612
626.5389404296875,0.06245884068578969
473.2309875488281,0.062435600855329086
478.87689208984375,0.06241117234102718
197.8467254638672,0.06247256475105982
902.1101684570312,0.0624862658902421
963.699462890625,0.06247018905283364
998.436279296875,0.062452922873074454
1048.7052001953125,0.06243446767968771
1039.4439697265625,0.0624148238240337
850.6987915039062,0.062499405045045905
873.5465087890625,0.06249762019151071
895.6968383789062,0.06249464547337544
914.963623046875,0.062490480947274454
1121.8106689453125,0.06248512669249432
1566.8922119140625,0.06247858281097233
1601.8638916015625,0.062470849427294556
1023.716064453125,0.062461926688693485
848.2813720703125,0.0625
838.584228515625,0.062499405045045905
837.308837890625,0.06249762019151071
836.0084838867188,0.06249464547337544
836.7427368164062,0.062490480947274454
837.2072143554688,0.06248512669249432
839.5987548828125,0.06247858281097233
839.1279907226562,0.062470849427294556
838.6620483398438,0.062461926688693485
838.017578125,0.06245181476504518
837.90478515625,0.06244051384886611
850.5177001953125,0.06242802415530942
851.1074829101562,0.062414345922160865
391.933349609375,0.06247256475107397
883.5230712890625,0.06248089138995612
774.9467163085938,0.06245884068578969
748.5560302734375,0.062435600855329086
708.2346801757812,0.06241117234102718
919.1297607421875,0.062499405045045905
955.9991455078125,0.06249762019151071
991.957763671875,0.06249464547337544
1014.6657104492188,0.062490480947274454
1215.889404296875,0.06248512669249432
1666.0706787109375,0.06247858281097233
1824.5650634765625,0.062470849427294556
1289.1146240234375,0.062461926688693485
594.9420166015625,0.06245181476504518
901.4677124023438,0.0625
879.8949584960938,0.062499405045045905
861.067626953125,0.06249762019151071
850.0457153320312,0.06249464547337544
842.9180297851562,0.062490480947274454
837.2522583007812,0.06248512669249432
837.8018798828125,0.06247858281097233
834.946533203125,0.062470849427294556
835.544921875,0.062461926688693485
834.6649780273438,0.06245181476504518
838.1998901367188,0.06244051384886611
840.4348754882812,0.06242802415530942
836.7467651367188,0.062414345922160865
838.8483276367188,0.0624862658902421
856.1627197265625,0.06247018905283364
881.4541015625,0.062452922873074454
931.4573364257812,0.06243446767968771
941.4510498046875,0.0624148238240337
844.2225952148438,0.06248089138995612
835.8416137695312,0.06245884068578969
871.8815307617188,0.062435600855329086
788.9080810546875,0.06241117234102718
526.3718872070312,0.06247256475108812
229.856201171875,0.06244572290278683
837.7739868164062,0.0624862658902421
839.9584350585938,0.06247018905283364
837.946533203125,0.062452922873074454
840.4595947265625,0.06243446767968771
840.791259765625,0.0624148238240337
1043.8680419921875,0.062499405045045905
1062.7647705078125,0.06249762019151071
1094.4951171875,0.06249464547337544
1129.29150390625,0.062490480947274454
1147.62353515625,0.06248512669249432
1594.4254150390625,0.06247858281097233
1717.9959716796875,0.062470849427294556
1260.118896484375,0.062461926688693485
651.401611328125,0.06245181476504518
1006.5307006835938,0.0625
956.4440307617188,0.062499405045045905
952.735595703125,0.06249762019151071
916.4932250976562,0.06249464547337544
902.2254028320312,0.062490480947274454
855.971923828125,0.06248512669249432
852.6468505859375,0.06247858281097233
838.5202026367188,0.062470849427294556
830.7025756835938,0.062461926688693485
833.582763671875,0.06245181476504518
837.3405151367188,0.06244051384886611
836.0072021484375,0.06242802415530942
837.6982421875,0.062414345922160865
516.1278076171875,0.06247256475105982
284.71624755859375,0.062445722902758544
840.7860717773438,0.06248089138995612
859.8118896484375,0.06245884068578969
892.1427612304688,0.062435600855329086
793.172607421875,0.06241117234102718
1133.1669921875,0.062499405045045905
1155.9423828125,0.06249762019151071
1164.1629638671875,0.06249464547337544
1176.8306884765625,0.062490480947274454
1184.123046875,0.06248512669249432
1474.6668701171875,0.06247858281097233
1626.60546875,0.062470849427294556
1389.838623046875,0.062461926688693485
814.1666259765625,0.06245181476504518
1108.8353271484375,0.0625
1090.9527587890625,0.062499405045045905
1067.1064453125,0.06249762019151071
1009.3303833007812,0.06249464547337544
979.438720703125,0.062490480947274454
959.0509033203125,0.06248512669249432
924.5235595703125,0.06247858281097233
899.7609252929688,0.062470849427294556
879.4833374023438,0.062461926688693485
860.8241577148438,0.06245181476504518
852.9632568359375,0.06244051384886611
854.03173828125,0.06242802415530942
838.4041137695312,0.062414345922160865
838.1141357421875,0.0624862658902421
838.2188110351562,0.06247018905283364
836.7545776367188,0.062452922873074454
840.6182861328125,0.06243446767968771
839.2216186523438,0.0624148238240337
836.5560302734375,0.06248089138995612
880.8807983398438,0.06245884068578969
890.1710205078125,0.062435600855329086
711.7208251953125,0.06241117234102718
341.016357421875,0.06247256475107397
853.2560424804688,0.0624862658902421
844.8551025390625,0.06247018905283364
841.401123046875,0.062452922873074454
836.8809204101562,0.06243446767968771
833.8087768554688,0.0624148238240337
1172.242431640625,0.062499405045045905
1178.893798828125,0.06249762019151071
1178.3934326171875,0.06249464547337544
1180.426025390625,0.062490480947274454
1180.97705078125,0.06248512669249432
1278.8765869140625,0.06247858281097233
1501.0343017578125,0.062470849427294556
1330.16943359375,0.062461926688693485
631.2862548828125,0.06245181476504518
219.1441192626953,0.06244051384886611
1171.854736328125,0.0625
1154.8695068359375,0.062499405045045905
1144.3507080078125,0.06249762019151071
1125.2493896484375,0.06249464547337544
1109.1160888671875,0.062490480947274454
1086.809326171875,0.06248512669249432
1075.91162109375,0.06247858281097233
1016.520263671875,0.062470849427294556
957.6499633789062,0.062461926688693485
959.3740844726562,0.06245181476504518
932.0885009765625,0.06244051384886611
901.7980346679688,0.06242802415530942
880.2257080078125,0.062414345922160865
330.6539306640625,0.06247256475107397
832.1292724609375,0.06248089138995612
893.2894287109375,0.06245884068578969
870.1209716796875,0.062435600855329086
645.5144653320312,0.06241117234102718
1176.171630859375,0.062499405045045905
1177.592041015625,0.06249762019151071
1177.26416015625,0.06249464547337544
1179.14794921875,0.062490480947274454
1184.113037109375,0.06248512669249432
1207.581298828125,0.06247858281097233
1275.0155029296875,0.062470849427294556
1154.980224609375,0.062461926688693485
815.1611328125,0.06245181476504518
1175.89453125,0.0625
1174.5196533203125,0.062499405045045905
1175.20068359375,0.06249762019151071
1171.228515625,0.06249464547337544
1164.480224609375,0.062490480947274454
1150.588134765625,0.06248512669249432
1136.4256591796875,0.06247858281097233
1110.90625,0.062470849427294556
1097.9989013671875,0.062461926688693485
1060.18408203125,0.06245181476504518
1044.7633056640625,0.06244051384886611
1009.2160034179688,0.06242802415530942
995.2355346679688,0.062414345922160865
930.198486328125,0.0624862658902421
899.3584594726562,0.06247018905283364
865.6360473632812,0.062452922873074454
841.9509887695312,0.06243446767968771
843.4951171875,0.0624148238240337
864.2955322265625,0.06248089138995612
931.8638305664062,0.06245884068578969
840.8161010742188,0.062435600855329086
586.5494384765625,0.06241117234102718
283.6902770996094,0.06247256475105982
1032.4072265625,0.0624862658902421
1002.2089233398438,0.06247018905283364
974.564453125,0.062452922873074454
925.565185546875,0.06243446767968771
901.2761840820312,0.0624148238240337
1177.541259765625,0.062499405045045905
1176.392822265625,0.06249762019151071
1178.2547607421875,0.06249464547337544
1179.43212890625,0.062490480947274454
1182.02099609375,0.06248512669249432
1198.847900390625,0.06247858281097233
1334.11181640625,0.062470849427294556
1624.69189453125,0.062461926688693485
1365.1456298828125,0.06245181476504518
822.2164916992188,0.06244051384886611
1177.0321044921875,0.0625
1177.3028564453125,0.062499405045045905
1174.255615234375,0.06249762019151071
1176.3377685546875,0.06249464547337544
1172.85693359375,0.062490480947274454
1175.158203125,0.06248512669249432
1173.582275390625,0.06247858281097233
1173.3502197265625,0.062470849427294556
1167.222412109375,0.062461926688693485
1156.48095703125,0.06245181476504518
1141.625732421875,0.06244051384886611
1122.354736328125,0.06242802415530942
1084.5140380859375,0.062414345922160865
220.1390838623047,0.06247256475107397
982.9415893554688,0.06248089138995612
1004.5868530273438,0.06245884068578969
839.7801513671875,0.062435600855329086
553.8812255859375,0.06241117234102718
1178.3748779296875,0.062499405045045905
1179.5789794921875,0.06249762019151071
1179.718017578125,0.06249464547337544
1179.28173828125,0.062490480947274454
1181.0382080078125,0.06248512669249432
1184.1737060546875,0.06247858281097233
1752.4700927734375,0.062470849427294556
2152.94580078125,0.062461926688693485
2148.11376953125,0.06245181476504518
1494.5538330078125,0.06244051384886611
853.99560546875,0.06242802415530942
1179.4208984375,0.0625
1176.8382568359375,0.062499405045045905
1176.6964111328125,0.06249762019151071
1176.533447265625,0.06249464547337544
1174.9603271484375,0.062490480947274454
1174.659423828125,0.06248512669249432
1174.4803466796875,0.06247858281097233
1176.241943359375,0.062470849427294556
1176.3719482421875,0.062461926688693485
1174.377197265625,0.06245181476504518
1177.261962890625,0.06244051384886611
1175.3245849609375,0.06242802415530942
1164.0916748046875,0.062414345922160865
1121.4521484375,0.0624862658902421
1112.8028564453125,0.06247018905283364
1090.4276123046875,0.062452922873074454
1071.6947021484375,0.06243446767968771
1016.5070190429688,0.0624148238240337
1143.242919921875,0.06248089138995612
1111.98095703125,0.06245884068578969
922.7156372070312,0.062435600855329086
446.5990295410156,0.06241117234102718
1175.2354736328125,0.0624862658902421
1171.158203125,0.06247018905283364
1155.05029296875,0.062452922873074454
1149.5450439453125,0.06243446767968771
1137.986328125,0.0624148238240337
1178.3062744140625,0.062499405045045905
1182.07373046875,0.06249762019151071
1244.533935546875,0.06249464547337544
1590.69677734375,0.062490480947274454
1751.281005859375,0.06248512669249432
1393.90673828125,0.06247858281097233
1505.6336669921875,0.062470849427294556
2179.063720703125,0.062461926688693485
2332.946533203125,0.06245181476504518
1665.241943359375,0.06244051384886611
909.412353515625,0.06242802415530942
1176.7957763671875,0.0625
1177.8162841796875,0.062499405045045905
1176.7808837890625,0.06249762019151071
1175.89453125,0.06249464547337544
1176.9798583984375,0.062490480947274454
1175.5516357421875,0.06248512669249432
1175.342041015625,0.06247858281097233
1174.1788330078125,0.062470849427294556
1180.11572265625,0.062461926688693485
1180.1964111328125,0.06245181476504518
1175.2523193359375,0.06244051384886611
1178.199462890625,0.06242802415530942
1179.818603515625,0.062414345922160865
1245.140380859375,0.06248089138995612
1209.726806640625,0.06245884068578969
838.3358764648438,0.062435600855329086
460.9998779296875,0.06241117234102718
1224.903564453125,0.062499405045045905
1252.6595458984375,0.06249762019151071
1803.7420654296875,0.06249464547337544
2275.617431640625,0.062490480947274454
2597.484375,0.06248512669249432
2075.4501953125,0.06247858281097233
1091.1767578125,0.062470849427294556
1657.1171875,0.062461926688693485
1523.9161376953125,0.06245181476504518
1201.41552734375,0.06244051384886611
1189.7645263671875,0.0625
1186.073486328125,0.062499405045045905
1175.673583984375,0.06249762019151071
1177.4915771484375,0.06249464547337544
1178.608642578125,0.062490480947274454
1175.870849609375,0.06248512669249432
1174.670654296875,0.06247858281097233
1175.0306396484375,0.062470849427294556
1177.3714599609375,0.062461926688693485
1175.4559326171875,0.06245181476504518
1179.4290771484375,0.06244051384886611
1179.458984375,0.06242802415530942
1180.184326171875,0.062414345922160865
1180.917236328125,0.0624862658902421
1178.4432373046875,0.06247018905283364
1176.5499267578125,0.062452922873074454
1177.24462890625,0.06243446767968771
1176.00634765625,0.0624148238240337
1177.7342529296875,0.0624862658902421
1179.2353515625,0.06247018905283364
1180.0323486328125,0.062452922873074454
1178.0091552734375,0.06243446767968771
1188.9951171875,0.0624148238240337
1275.7657470703125,0.06248089138995612
1182.34375,0.06245884068578969
683.95703125,0.062435600855329086
362.3375549316406,0.06241117234102718
1427.5008544921875,0.062499405045045905
1489.736328125,0.06249762019151071
1986.9112548828125,0.06249464547337544
2856.2197265625,0.062490480947274454
3082.4560546875,0.06248512669249432
2059.770751953125,0.06247858281097233
869.9629516601562,0.062470849427294556
490.56658935546875,0.062461926688693485
802.320556640625,0.06245181476504518
427.8297424316406,0.06244051384886611
1347.9393310546875,0.0625
1300.58447265625,0.062499405045045905
1224.6436767578125,0.06249762019151071
1206.42431640625,0.06249464547337544
1184.405029296875,0.062490480947274454
1176.5780029296875,0.06248512669249432
1170.8861083984375,0.06247858281097233
1177.46875,0.062470849427294556
1178.1163330078125,0.062461926688693485
1177.04638671875,0.06245181476504518
1177.5146484375,0.06244051384886611
1179.52978515625,0.06242802415530942
1178.11767578125,0.062414345922160865
1265.0513916015625,0.06248089138995612
1042.67529296875,0.06245884068578969
561.5381469726562,0.062435600855329086
1554.6571044921875,0.062499405045045905
1563.83203125,0.06249762019151071
1860.3824462890625,0.06249464547337544
2493.685791015625,0.062490480947274454
2421.9033203125,0.06248512669249432
1880.8961181640625,0.06247858281097233
681.4491577148438,0.062470849427294556
1537.9410400390625,0.0625
1477.64404296875,0.062499405045045905
1461.23779296875,0.06249762019151071
1391.2904052734375,0.06249464547337544
1383.4859619140625,0.062490480947274454
1245.4461669921875,0.06248512669249432
1207.8974609375,0.06247858281097233
1166.0211181640625,0.062470849427294556
1171.508544921875,0.062461926688693485
1173.169677734375,0.06245181476504518
1167.9083251953125,0.06244051384886611
1171.104736328125,0.06242802415530942
1178.1358642578125,0.062414345922160865
1178.1168212890625,0.0624862658902421
1177.7296142578125,0.06247018905283364
1177.702880859375,0.062452922873074454
1178.8421630859375,0.06243446767968771
1223.111328125,0.0624148238240337
1168.583251953125,0.0624862658902421
1166.708984375,0.06247018905283364
1178.99609375,0.062452922873074454
1179.2779541015625,0.06243446767968771
1235.119140625,0.0624148238240337
1228.524169921875,0.06248089138995612
960.7222290039062,0.06245884068578969
605.7485961914062,0.062435600855329086
200.6440887451172,0.06241117234102718
1482.92822265625,0.062499405045045905
1454.9952392578125,0.06249762019151071
1416.7960205078125,0.06249464547337544
1649.89306640625,0.062490480947274454
1718.819580078125,0.06248512669249432
1112.1495361328125,0.06247858281097233
360.9751281738281,0.062470849427294556
1538.4415283203125,0.0625
1533.576416015625,0.062499405045045905
1557.9542236328125,0.06249762019151071
1537.2935791015625,0.06249464547337544
1518.40576171875,0.062490480947274454
1440.5848388671875,0.06248512669249432
1376.9752197265625,0.06247858281097233
1317.69287109375,0.062470849427294556
1283.0279541015625,0.062461926688693485
1257.1456298828125,0.06245181476504518
1132.429443359375,0.06244051384886611
1106.571044921875,0.06242802415530942
1119.0013427734375,0.062414345922160865
1206.6575927734375,0.06248089138995612
857.8408813476562,0.06245884068578969
434.0068359375,0.062435600855329086
1309.332763671875,0.062499405045045905
1233.095458984375,0.06249762019151071
1201.114990234375,0.06249464547337544
1313.4744873046875,0.062490480947274454
1369.4261474609375,0.06248512669249432
1151.683349609375,0.06247858281097233
645.1896362304688,0.062470849427294556
1332.4671630859375,0.0625
1408.9451904296875,0.062499405045045905
1446.7528076171875,0.06249762019151071
1522.9727783203125,0.06249464547337544
1520.5081787109375,0.062490480947274454
1502.2655029296875,0.06248512669249432
1477.485107421875,0.06247858281097233
1460.032470703125,0.062470849427294556
1429.041259765625,0.062461926688693485
1387.575439453125,0.06245181476504518
1271.157470703125,0.06244051384886611
1187.9332275390625,0.06242802415530942
1120.001708984375,0.062414345922160865
1077.55029296875,0.0624862658902421
1077.3609619140625,0.06247018905283364
1116.87548828125,0.062452922873074454
1151.03125,0.06243446767968771
1270.47509765625,0.0624148238240337
1166.0982666015625,0.0624862658902421
1122.697998046875,0.06247018905283364
1089.72802734375,0.062452922873074454
1099.35986328125,0.06243446767968771
1113.3753662109375,0.0624148238240337
1009.79638671875,0.06248089138995612
749.5328979492188,0.06245884068578969
276.1875305175781,0.062435600855329086
1177.554931640625,0.062499405045045905
1179.5318603515625,0.06249762019151071
1182.24658203125,0.06249464547337544
1292.718994140625,0.062490480947274454
1566.0821533203125,0.06248512669249432
1478.677490234375,0.06247858281097233
890.796142578125,0.062470849427294556
313.972900390625,0.062461926688693485
1187.757080078125,0.0625
1205.0184326171875,0.062499405045045905
1251.5020751953125,0.06249762019151071
1332.0784912109375,0.06249464547337544
1332.4217529296875,0.062490480947274454
1421.701416015625,0.06248512669249432
1430.166259765625,0.06247858281097233
1471.5234375,0.062470849427294556
1496.657470703125,0.062461926688693485
1477.1553955078125,0.06245181476504518
1416.9022216796875,0.06244051384886611
1368.8304443359375,0.06242802415530942
1261.3712158203125,0.062414345922160865
930.8695678710938,0.06248089138995612
552.4818725585938,0.06245884068578969
240.1872100830078,0.062435600855329086
1180.959716796875,0.062499405045045905
1179.8525390625,0.06249762019151071
1180.059814453125,0.06249464547337544
1208.784423828125,0.062490480947274454
1599.192138671875,0.06248512669249432
1758.902587890625,0.06247858281097233
1475.3133544921875,0.062470849427294556
663.7977294921875,0.062461926688693485
1175.8394775390625,0.0625
1176.4718017578125,0.062499405045045905
1174.1212158203125,0.06249762019151071
1180.9598388671875,0.06249464547337544
1199.017822265625,0.062490480947274454
1244.5977783203125,0.06248512669249432
1260.4140625,0.06247858281097233
1326.74609375,0.062470849427294556
1355.4515380859375,0.062461926688693485
1412.30712890625,0.06245181476504518
1432.227294921875,0.06244051384886611
1427.69775390625,0.06242802415530942
1391.5550537109375,0.062414345922160865
1326.57666015625,0.0624862658902421
1251.8267822265625,0.06247018905283364
1217.2242431640625,0.062452922873074454
1181.070068359375,0.06243446767968771
1139.897216796875,0.0624148238240337
1377.957275390625,0.0624862658902421
1376.4954833984375,0.06247018905283364
1361.65673828125,0.062452922873074454
1334.583984375,0.06243446767968771
1242.1851806640625,0.0624148238240337
917.6294555664062,0.06248089138995612
558.200439453125,0.06245884068578969
232.88739013671875,0.062435600855329086
250.1692657470703,0.06241117234102718
1180.9609375,0.062499405045045905
1178.5616455078125,0.06249762019151071
1178.14501953125,0.06249464547337544
1187.0823974609375,0.062490480947274454
1648.90625,0.06248512669249432
2045.079833984375,0.06247858281097233
1729.0501708984375,0.062470849427294556
988.996826171875,0.062461926688693485
1180.405029296875,0.0625
1177.903564453125,0.062499405045045905
1178.4332275390625,0.06249762019151071
1178.03857421875,0.06249464547337544
1178.3380126953125,0.062490480947274454
1177.3958740234375,0.06248512669249432
1178.95361328125,0.06247858281097233
1182.011962890625,0.062470849427294556
1209.233642578125,0.062461926688693485
1271.7454833984375,0.06245181476504518
1300.8482666015625,0.06244051384886611
1320.3377685546875,0.06242802415530942
1377.0855712890625,0.062414345922160865
319.45501708984375,0.06247256475107397
1115.32470703125,0.06248089138995612
768.4940185546875,0.06245884068578969
645.5748291015625,0.062435600855329086
609.0925903320312,0.06241117234102718
1180.591552734375,0.062499405045045905
1176.9337158203125,0.06249762019151071
1176.8516845703125,0.06249464547337544
1175.9808349609375,0.062490480947274454
1621.4217529296875,0.06248512669249432
2027.9053955078125,0.06247858281097233
1909.8704833984375,0.062470849427294556
1171.6845703125,0.062461926688693485
340.04803466796875,0.06245181476504518
1179.539306640625,0.0625
1181.4161376953125,0.062499405045045905
1180.277099609375,0.06249762019151071
1181.32666015625,0.06249464547337544
1178.8994140625,0.062490480947274454
1179.5596923828125,0.06248512669249432
1179.200927734375,0.06247858281097233
1175.21435546875,0.062470849427294556
1174.4923095703125,0.062461926688693485
1172.7982177734375,0.06245181476504518
1176.5108642578125,0.06244051384886611
1183.8447265625,0.06242802415530942
1214.356689453125,0.062414345922160865
1287.471923828125,0.0624862658902421
1355.129638671875,0.06247018905283364
1362.04248046875,0.062452922873074454
1369.560791015625,0.06243446767968771
1296.287841796875,0.0624148238240337
624.7447509765625,0.06247256475107397
315.27008056640625,0.062445722902772685
1176.522216796875,0.0624862658902421
1196.9307861328125,0.06247018905283364
1217.213134765625,0.062452922873074454
1273.24169921875,0.06243446767968771
1270.3114013671875,0.0624148238240337
1233.3502197265625,0.06248089138995612
1093.1251220703125,0.06245884068578969
1008.910888671875,0.062435600855329086
943.2293090820312,0.06241117234102718
1177.94775390625,0.062499405045045905
1175.0672607421875,0.06249762019151071
1174.8057861328125,0.06249464547337544
1178.2425537109375,0.062490480947274454
1323.239990234375,0.06248512669249432
1941.8897705078125,0.06247858281097233
1963.443603515625,0.062470849427294556
1235.3963623046875,0.062461926688693485
354.2571716308594,0.06245181476504518
1177.7947998046875,0.0625
1181.6998291015625,0.062499405045045905
1178.991943359375,0.06249762019151071
1179.88671875,0.06249464547337544
1180.1036376953125,0.062490480947274454
1179.0699462890625,0.06248512669249432
1178.795166015625,0.06247858281097233
1175.09375,0.062470849427294556
1174.6910400390625,0.062461926688693485
1172.1898193359375,0.06245181476504518
1179.15478515625,0.06244051384886611
1177.8818359375,0.06242802415530942
1178.0322265625,0.062414345922160865
806.541015625,0.06247256475108812
425.55194091796875,0.06244572290278683
1194.1668701171875,0.06248089138995612
1175.5673828125,0.06245884068578969
1240.60400390625,0.062435600855329086
1161.7691650390625,0.06241117234102718
1177.9769287109375,0.062499405045045905
1175.6348876953125,0.06249762019151071
1173.8121337890625,0.06249464547337544
1176.862548828125,0.062490480947274454
1200.996337890625,0.06248512669249432
1734.1143798828125,0.06247858281097233
1764.4378662109375,0.062470849427294556
1169.3673095703125,0.062461926688693485
489.8556213378906,0.06245181476504518
1178.82470703125,0.0625
1178.6817626953125,0.062499405045045905
1179.377197265625,0.06249762019151071
1180.876708984375,0.06249464547337544
1177.992431640625,0.062490480947274454
1176.7880859375,0.06248512669249432
1175.12255859375,0.06247858281097233
1166.1590576171875,0.062470849427294556
1139.668212890625,0.062461926688693485
1118.1337890625,0.06245181476504518
1115.8897705078125,0.06244051384886611
1151.5560302734375,0.06242802415530942
1172.29052734375,0.062414345922160865
1178.6412353515625,0.0624862658902421
1180.61865234375,0.06247018905283364
1177.4852294921875,0.062452922873074454
1181.11767578125,0.06243446767968771
1185.1839599609375,0.0624148238240337
897.0543823242188,0.06247256475105982
432.69769287109375,0.062445722902758544
1174.4375,0.0624862658902421
1179.56494140625,0.06247018905283364
1180.0093994140625,0.062452922873074454
1181.664306640625,0.06243446767968771
1181.012939453125,0.0624148238240337
1175.1961669921875,0.06248089138995612
1186.75146484375,0.06245884068578969
1280.1253662109375,0.062435600855329086
1183.8092041015625,0.06241117234102718
1176.1622314453125,0.062499405045045905
1175.2587890625,0.06249762019151071
1175.7569580078125,0.06249464547337544
1177.2200927734375,0.062490480947274454
1179.130615234375,0.06248512669249432
1527.904052734375,0.06247858281097233
1597.94189453125,0.062470849427294556
1179.07421875,0.062461926688693485
656.5591430664062,0.06245181476504518
1175.5753173828125,0.0625
1168.0155029296875,0.062499405045045905
1169.0579833984375,0.06249762019151071
1174.27490234375,0.06249464547337544
1176.12841796875,0.062490480947274454
1173.352294921875,0.06248512669249432
1172.4168701171875,0.06247858281097233
1154.2962646484375,0.062470849427294556
1103.486572265625,0.062461926688693485
1061.4122314453125,0.06245181476504518
1045.5267333984375,0.06244051384886611
1094.36376953125,0.06242802415530942
1133.90673828125,0.062414345922160865
717.8969116210938,0.06247256475107397
1179.5400390625,0.06248089138995612
1201.94482421875,0.06245884068578969
1277.34521484375,0.062435600855329086
1061.2940673828125,0.06241117234102718
1174.926513671875,0.062499405045045905
1179.7520751953125,0.06249762019151071
1177.2208251953125,0.06249464547337544
1179.3516845703125,0.062490480947274454
1180.0113525390625,0.06248512669249432
1333.531494140625,0.06247858281097233
1432.421875,0.062470849427294556
1178.836669921875,0.062461926688693485
536.7884521484375,0.06245181476504518
1154.952880859375,0.0625
1126.5084228515625,0.062499405045045905
1122.697509765625,0.06249762019151071
1150.1875,0.06249464547337544
1174.172607421875,0.062490480947274454
1175.0096435546875,0.06248512669249432
1172.009033203125,0.06247858281097233
1157.7750244140625,0.062470849427294556
1110.04296875,0.062461926688693485
1054.84912109375,0.06245181476504518
1027.3604736328125,0.06244051384886611
1064.5040283203125,0.06242802415530942
1127.376708984375,0.062414345922160865
1168.82568359375,0.0624862658902421
1180.591064453125,0.06247018905283364
1179.0732421875,0.062452922873074454
1180.608642578125,0.06243446767968771
1181.5550537109375,0.0624148238240337
557.6569213867188,0.06247256475107397
252.0405731201172,0.062445722902772685
1170.6453857421875,0.0624862658902421
1180.9990234375,0.06247018905283364
1180.828369140625,0.062452922873074454
1178.8172607421875,0.06243446767968771
1182.8123779296875,0.0624148238240337
1182.7947998046875,0.06248089138995612
1238.6859130859375,0.06245884068578969
1248.478271484375,0.062435600855329086
980.3812866210938,0.06241117234102718
1174.4190673828125,0.062499405045045905
1178.73681640625,0.06249762019151071
1178.1837158203125,0.06249464547337544
1177.20751953125,0.062490480947274454
1180.141845703125,0.06248512669249432
1234.981689453125,0.06247858281097233
1270.824462890625,0.062470849427294556
1127.2314453125,0.062461926688693485
581.671142578125,0.06245181476504518
256.73736572265625,0.06244051384886611
1141.071044921875,0.0625
1105.205810546875,0.062499405045045905
1096.59423828125,0.06249762019151071
1125.861083984375,0.06249464547337544
1160.4122314453125,0.062490480947274454
1173.4859619140625,0.06248512669249432
1175.1756591796875,0.06247858281097233
1170.2938232421875,0.062470849427294556
1144.324462890625,0.062461926688693485
1108.900634765625,0.06245181476504518
1089.8836669921875,0.06244051384886611
1107.1796875,0.06242802415530942
1150.549072265625,0.062414345922160865
1184.7904052734375,0.06248089138995612
1266.0120849609375,0.06245884068578969
1199.67333984375,0.062435600855329086
886.33935546875,0.06241117234102718
381.4845886230469,0.06247256475105982
1178.3555908203125,0.062499405045045905
1179.680419921875,0.06249762019151071
1176.9232177734375,0.06249464547337544
1178.6016845703125,0.062490480947274454
1177.7095947265625,0.06248512669249432
1180.7496337890625,0.06247858281097233
1437.1748046875,0.062470849427294556
1616.6546630859375,0.062461926688693485
1485.2081298828125,0.06245181476504518
975.5433349609375,0.06244051384886611
1149.208984375,0.0625
1119.35595703125,0.062499405045045905
1114.286376953125,0.06249762019151071
1132.716796875,0.06249464547337544
1164.2711181640625,0.062490480947274454
1175.0079345703125,0.06248512669249432
1172.725341796875,0.06247858281097233
1174.98828125,0.062470849427294556
1178.1951904296875,0.062461926688693485
1176.9761962890625,0.06245181476504518
1170.53564453125,0.06244051384886611
1169.4564208984375,0.06242802415530942
1174.6864013671875,0.062414345922160865
1181.5675048828125,0.0624862658902421
1179.8438720703125,0.06247018905283364
1180.06494140625,0.062452922873074454
1179.989501953125,0.06243446767968771
1181.3834228515625,0.0624148238240337
310.33831787109375,0.06247256475107397
1178.748291015625,0.0624862658902421
1178.3624267578125,0.06247018905283364
1179.7059326171875,0.062452922873074454
1180.4542236328125,0.06243446767968771
1182.9307861328125,0.0624148238240337
1211.273193359375,0.06248089138995612
1278.2733154296875,0.06245884068578969
1097.7723388671875,0.062435600855329086
634.353759765625,0.06241117234102718
1179.57666015625,0.062499405045045905
1181.8287353515625,0.06249762019151071
1179.6141357421875,0.06249464547337544
1178.27685546875,0.062490480947274454
1181.190673828125,0.06248512669249432
1183.3878173828125,0.06247858281097233
1716.1988525390625,0.062470849427294556
2212.238037109375,0.062461926688693485
2134.51904296875,0.06245181476504518
1371.6710205078125,0.06244051384886611
553.2050170898438,0.06242802415530942
1174.6746826171875,0.0625
1154.7174072265625,0.062499405045045905
1145.9725341796875,0.06249762019151071
1161.723388671875,0.06249464547337544
1172.48486328125,0.062490480947274454
1176.0670166015625,0.06248512669249432
1177.306640625,0.06247858281097233
1178.6107177734375,0.062470849427294556
1176.6832275390625,0.062461926688693485
1176.94677734375,0.06245181476504518
1178.3074951171875,0.06244051384886611
1179.477294921875,0.06242802415530942
1180.092041015625,0.062414345922160865
1214.3358154296875,0.06248089138995612
1266.859130859375,0.06245884068578969
1055.2130126953125,0.062435600855329086
574.3373413085938,0.06241117234102718
259.7730712890625,0.06247256475107397
1180.556640625,0.062499405045045905
1182.6387939453125,0.06249762019151071
1190.7220458984375,0.06249464547337544
1186.98583984375,0.062490480947274454
1196.3773193359375,0.06248512669249432
1169.391357421875,0.06247858281097233
1587.7296142578125,0.062470849427294556
2240.626953125,0.062461926688693485
2180.60302734375,0.06245181476504518
1346.951904296875,0.06244051384886611
493.91558837890625,0.06242802415530942
1180.13134765625,0.0625
1181.2958984375,0.062499405045045905
1179.0352783203125,0.06249762019151071
1176.46240234375,0.06249464547337544
1176.7510986328125,0.062490480947274454
1181.433837890625,0.06248512669249432
1177.5950927734375,0.06247858281097233
1178.935791015625,0.062470849427294556
1178.1390380859375,0.062461926688693485
1177.6561279296875,0.06245181476504518
1177.398193359375,0.06244051384886611
1178.873779296875,0.06242802415530942
1177.02001953125,0.062414345922160865
1178.3026123046875,0.0624862658902421
1177.708251953125,0.06247018905283364
1178.073486328125,0.062452922873074454
1178.3543701171875,0.06243446767968771
1179.41650390625,0.0624148238240337
1178.5467529296875,0.0624862658902421
1176.9471435546875,0.06247018905283364
1176.19091796875,0.062452922873074454
1177.93359375,0.06243446767968771
1176.89599609375,0.0624148238240337
1235.32763671875,0.06248089138995612
1230.52587890625,0.06245884068578969
966.3933715820312,0.062435600855329086
502.74627685546875,0.06241117234102718
1242.9495849609375,0.062499405045045905
1245.7161865234375,0.06249762019151071
1347.035400390625,0.06249464547337544
1335.5693359375,0.062490480947274454
1250.09326171875,0.06248512669249432
1075.3863525390625,0.06247858281097233
1224.6822509765625,0.062470849427294556
1574.7264404296875,0.062461926688693485
1526.824951171875,0.06245181476504518
1066.2728271484375,0.06244051384886611
422.72412109375,0.06242802415530942
1198.805419921875,0.0625
1182.5428466796875,0.062499405045045905
1181.3857421875,0.06249762019151071
1179.8221435546875,0.06249464547337544
1178.562255859375,0.062490480947274454
1183.32861328125,0.06248512669249432
1180.208984375,0.06247858281097233
1179.7149658203125,0.062470849427294556
1178.00732421875,0.062461926688693485
1175.75927734375,0.06245181476504518
1179.3951416015625,0.06244051384886611
1175.94677734375,0.06242802415530942
1178.176025390625,0.062414345922160865
1288.892578125,0.06248089138995612
1199.7584228515625,0.06245884068578969
832.0244750976562,0.062435600855329086
341.95001220703125,0.06241117234102718
1424.5228271484375,0.062499405045045905
1461.2584228515625,0.06249762019151071
1500.5701904296875,0.06249464547337544
1483.0147705078125,0.062490480947274454
1229.7603759765625,0.06248512669249432
870.3218383789062,0.06247858281097233
580.4202270507812,0.062470849427294556
448.94158935546875,0.062461926688693485
535.2377319335938,0.06245181476504518
370.3139343261719,0.06244051384886611
1371.61474609375,0.0625
1312.627685546875,0.062499405045045905
1265.9810791015625,0.06249762019151071
1224.1536865234375,0.06249464547337544
1195.8450927734375,0.062490480947274454
1184.3480224609375,0.06248512669249432
1179.34912109375,0.06247858281097233
1177.6583251953125,0.062470849427294556
1176.4501953125,0.062461926688693485
1178.09814453125,0.06245181476504518
1177.27978515625,0.06244051384886611
1178.5108642578125,0.06242802415530942
1180.34716796875,0.062414345922160865
1177.840576171875,0.0624862658902421
1177.1241455078125,0.06247018905283364
1177.902587890625,0.062452922873074454
1177.0760498046875,0.06243446767968771
1187.7691650390625,0.0624148238240337
1179.677001953125,0.0624862658902421
1179.98583984375,0.06247018905283364
1181.0374755859375,0.062452922873074454
1180.6197509765625,0.06243446767968771
1210.2215576171875,0.0624148238240337
1273.48095703125,0.06248089138995612
1104.60205078125,0.06245884068578969
729.7858276367188,0.062435600855329086
381.2857666015625,0.06241117234102718
1515.338134765625,0.062499405045045905
1524.826171875,0.06249762019151071
1543.2569580078125,0.06249464547337544
1461.5045166015625,0.062490480947274454
1232.5596923828125,0.06248512669249432
769.6260375976562,0.06247858281097233
276.0230407714844,0.062470849427294556
1503.1600341796875,0.0625
1479.58837890625,0.062499405045045905
1423.84619140625,0.06249762019151071
1380.497802734375,0.06249464547337544
1357.7647705078125,0.062490480947274454
1297.519775390625,0.06248512669249432
1271.0029296875,0.06247858281097233
1192.814208984375,0.062470849427294556
1183.4530029296875,0.062461926688693485
1179.4498291015625,0.06245181476504518
1179.416748046875,0.06244051384886611
1175.9669189453125,0.06242802415530942
1181.348388671875,0.062414345922160865
1260.1866455078125,0.06248089138995612
992.3546142578125,0.06245884068578969
601.9674682617188,0.062435600855329086
248.95864868164062,0.06241117234102718
1448.6671142578125,0.062499405045045905
1413.87158203125,0.06249762019151071
1421.636962890625,0.06249464547337544
1355.7880859375,0.062490480947274454
1090.48583984375,0.06248512669249432
679.8402099609375,0.06247858281097233
236.3971405029297,0.062470849427294556
1476.782470703125,0.0625
1509.815673828125,0.062499405045045905
1507.0782470703125,0.06249762019151071
1503.7132568359375,0.06249464547337544
1500.9202880859375,0.062490480947274454
1453.8797607421875,0.06248512669249432
1392.8763427734375,0.06247858281097233
1349.253173828125,0.062470849427294556
1319.850830078125,0.062461926688693485
1250.743896484375,0.06245181476504518
1208.444091796875,0.06244051384886611
1159.824462890625,0.06242802415530942
1143.89892578125,0.062414345922160865
1174.5177001953125,0.0624862658902421
1180.4150390625,0.06247018905283364
1181.1864013671875,0.062452922873074454
1182.938232421875,0.06243446767968771
1231.2364501953125,0.0624148238240337
1181.99853515625,0.0624862658902421
1189.6397705078125,0.06247018905283364
1182.9293212890625,0.062452922873074454
1184.5284423828125,0.06243446767968771
1285.95849609375,0.0624148238240337
1217.6282958984375,0.06248089138995612
930.2763671875,0.06245884068578969
436.52838134765625,0.062435600855329086
1307.882080078125,0.062499405045045905
1217.402587890625,0.06249762019151071
1184.9935302734375,0.06249464547337544
1251.4173583984375,0.062490480947274454
1298.10595703125,0.06248512669249432
840.3583984375,0.06247858281097233
585.8477783203125,0.062470849427294556
1322.4718017578125,0.0625
1374.0517578125,0.062499405045045905
1418.9569091796875,0.06249762019151071
1442.0018310546875,0.06249464547337544
1484.916748046875,0.062490480947274454
1503.401123046875,0.06248512669249432
1502.657958984375,0.06247858281097233
1488.323486328125,0.062470849427294556
1461.62841796875,0.062461926688693485
1434.260009765625,0.06245181476504518
1365.285400390625,0.06244051384886611
1268.941650390625,0.06242802415530942
1213.7052001953125,0.062414345922160865
1152.5380859375,0.06248089138995612
673.0577392578125,0.06245884068578969
298.732666015625,0.062435600855329086
1146.1429443359375,0.062499405045045905
1131.5902099609375,0.06249762019151071
1113.2474365234375,0.06249464547337544
1242.8499755859375,0.062490480947274454
1371.9949951171875,0.06248512669249432
1248.1478271484375,0.06247858281097233
606.3228759765625,0.062470849427294556
1168.3211669921875,0.0625
1181.476806640625,0.062499405045045905
1212.7774658203125,0.06249762019151071
1287.828125,0.06249464547337544
1346.2603759765625,0.062490480947274454
1396.248291015625,0.06248512669249432
1432.2489013671875,0.06247858281097233
1453.2664794921875,0.062470849427294556
1489.5169677734375,0.062461926688693485
1495.5804443359375,0.06245181476504518
1455.59375,0.06244051384886611
1408.5013427734375,0.06242802415530942
1371.276611328125,0.062414345922160865
1338.1376953125,0.0624862658902421
1329.618896484375,0.06247018905283364
1273.992431640625,0.062452922873074454
1240.349609375,0.06243446767968771
1292.894775390625,0.0624148238240337
1467.7664794921875,0.0624862658902421
1471.9647216796875,0.06247018905283364
1428.114501953125,0.062452922873074454
1438.806396484375,0.06243446767968771
1409.9256591796875,0.0624148238240337
1155.105224609375,0.06248089138995612
622.15234375,0.06245884068578969
213.0890655517578,0.062435600855329086
1101.8568115234375,0.062499405045045905
1085.42041015625,0.06249762019151071
1070.2435302734375,0.06249464547337544
1227.384521484375,0.062490480947274454
1453.16845703125,0.06248512669249432
1565.6512451171875,0.06247858281097233
991.25,0.062470849427294556
545.281494140625,0.062461926688693485
1101.43994140625,0.0625
1099.1456298828125,0.062499405045045905
1113.0889892578125,0.06249762019151071
1104.69091796875,0.06249464547337544
1176.6572265625,0.062490480947274454
1202.9246826171875,0.06248512669249432
1277.01220703125,0.06247858281097233
1303.7572021484375,0.062470849427294556
1342.0631103515625,0.062461926688693485
1381.9820556640625,0.06245181476504518
1424.3834228515625,0.06244051384886611
1436.6561279296875,0.06242802415530942
1451.6734619140625,0.062414345922160865
1193.9248046875,0.06248089138995612
778.5799560546875,0.06245884068578969
294.0544128417969,0.062435600855329086
1089.4461669921875,0.062499405045045905
1086.80517578125,0.06249762019151071
1088.638671875,0.06249464547337544
1195.8203125,0.062490480947274454
1725.1439208984375,0.06248512669249432
1937.8150634765625,0.06247858281097233
1482.071044921875,0.062470849427294556
765.0732421875,0.062461926688693485
1071.4671630859375,0.0625
1043.2275390625,0.062499405045045905
1030.2911376953125,0.06249762019151071
1057.5162353515625,0.06249464547337544
1100.90625,0.062490480947274454
1137.2916259765625,0.06248512669249432
1144.5438232421875,0.06247858281097233
1163.401611328125,0.062470849427294556
1187.009033203125,0.062461926688693485
1237.2855224609375,0.06245181476504518
1262.6971435546875,0.06244051384886611
1306.0433349609375,0.06242802415530942
1395.3907470703125,0.062414345922160865
1449.442626953125,0.0624862658902421
1468.519287109375,0.06247018905283364
1494.41064453125,0.062452922873074454
1534.1146240234375,0.06243446767968771
1502.1414794921875,0.0624148238240337
316.6009216308594,0.06247256475107397
1260.275390625,0.0624862658902421
1323.810302734375,0.06247018905283364
1367.9742431640625,0.062452922873074454
1440.934814453125,0.06243446767968771
1438.8076171875,0.0624148238240337
1244.010986328125,0.06248089138995612
919.2383422851562,0.06245884068578969
632.74169921875,0.062435600855329086
523.4742431640625,0.06241117234102718
1127.235107421875,0.062499405045045905
1132.1116943359375,0.06249762019151071
1142.5438232421875,0.06249464547337544
1155.5992431640625,0.062490480947274454
1757.32373046875,0.06248512669249432
2044.6617431640625,0.06247858281097233
1813.6673583984375,0.062470849427294556
978.7736206054688,0.062461926688693485
1109.51806640625,0.0625
1068.197509765625,0.062499405045045905
1049.7239990234375,0.06249762019151071
1057.4100341796875,0.06249464547337544
1083.9239501953125,0.062490480947274454
1098.2694091796875,0.06248512669249432
1105.423828125,0.06247858281097233
1113.150146484375,0.062470849427294556
1128.66064453125,0.062461926688693485
1135.68115234375,0.06245181476504518
1150.97802734375,0.06244051384886611
1194.5155029296875,0.06242802415530942
1185.6402587890625,0.062414345922160865
1236.026123046875,0.06248089138995612
1118.5732421875,0.06245884068578969
956.5639038085938,0.062435600855329086
862.2056274414062,0.06241117234102718
667.8181762695312,0.06247256475107397
366.6415100097656,0.062445722902772685
1173.18212890625,0.062499405045045905
1177.1607666015625,0.06249762019151071
1176.3101806640625,0.06249464547337544
1179.4716796875,0.062490480947274454
1610.2886962890625,0.06248512669249432
2068.94873046875,0.06247858281097233
1950.5196533203125,0.062470849427294556
1159.5863037109375,0.062461926688693485
435.6553955078125,0.06245181476504518
1157.0811767578125,0.0625
1134.4300537109375,0.062499405045045905
1126.779541015625,0.06249762019151071
1097.0738525390625,0.06249464547337544
1101.704345703125,0.062490480947274454
1098.6773681640625,0.06248512669249432
1090.9295654296875,0.06247858281097233
1093.1610107421875,0.062470849427294556
1093.15087890625,0.062461926688693485
1099.1231689453125,0.06245181476504518
1111.3626708984375,0.06244051384886611
1119.522216796875,0.06242802415530942
1137.77490234375,0.062414345922160865
1156.91650390625,0.0624862658902421
1181.8245849609375,0.06247018905283364
1213.3076171875,0.062452922873074454
1265.537353515625,0.06243446767968771
1310.031005859375,0.0624148238240337
867.3006591796875,0.06247256475108812
468.8237609863281,0.06244572290278683
228.14747619628906,0.06241769217793504
1114.126953125,0.0624862658902421
1124.147705078125,0.06247018905283364
1140.3583984375,0.062452922873074454
1153.856201171875,0.06243446767968771
1159.8895263671875,0.0624148238240337
1208.9046630859375,0.06248089138995612
1181.835693359375,0.06245884068578969
1230.7752685546875,0.062435600855329086
1208.1390380859375,0.06241117234102718
1184.678955078125,0.062499405045045905
1186.15234375,0.06249762019151071
1182.885986328125,0.06249464547337544
1183.758544921875,0.062490480947274454
1299.26953125,0.06248512669249432
1666.625244140625,0.06247858281097233
1735.6361083984375,0.062470849427294556
1147.6785888671875,0.062461926688693485
401.4969787597656,0.06245181476504518
1182.2288818359375,0.0625
1176.7197265625,0.062499405045045905
1175.74609375,0.06249762019151071
1168.507080078125,0.06249464547337544
1144.539794921875,0.062490480947274454
1138.3310546875,0.06248512669249432
1132.035888671875,0.06247858281097233
1120.3795166015625,0.062470849427294556
1100.8468017578125,0.062461926688693485
1098.9769287109375,0.06245181476504518
1091.0496826171875,0.06244051384886611
1094.1514892578125,0.06242802415530942
1094.13330078125,0.062414345922160865
1138.408935546875,0.06248089138995612
1151.7747802734375,0.06245884068578969
1247.2779541015625,0.062435600855329086
1211.6240234375,0.06241117234102718
875.3206787109375,0.06247256475105982
505.64508056640625,0.062445722902758544
1184.137451171875,0.062499405045045905
1184.48291015625,0.06249762019151071
1182.9752197265625,0.06249464547337544
1183.388427734375,0.062490480947274454
1214.8311767578125,0.06248512669249432
1584.334228515625,0.06247858281097233
1628.3009033203125,0.062470849427294556
1164.1961669921875,0.062461926688693485
696.7059936523438,0.06245181476504518
1183.7615966796875,0.0625
1182.05859375,0.062499405045045905
1182.4156494140625,0.06249762019151071
1181.9732666015625,0.06249464547337544
1180.2410888671875,0.062490480947274454
1173.7763671875,0.06248512669249432
1166.740478515625,0.06247858281097233
1163.541748046875,0.062470849427294556
1147.18359375,0.062461926688693485
1125.8270263671875,0.06245181476504518
1110.1197509765625,0.06244051384886611
1106.5418701171875,0.06242802415530942
1099.995849609375,0.062414345922160865
1097.3428955078125,0.0624862658902421
1094.57177734375,0.06247018905283364
1103.0321044921875,0.062452922873074454
1112.6568603515625,0.06243446767968771
1115.1710205078125,0.0624148238240337
747.7073364257812,0.06247256475107397
294.27032470703125,0.062445722902772685
1120.58251953125,0.0624862658902421
1106.19482421875,0.06247018905283364
1105.448486328125,0.062452922873074454
1097.18408203125,0.06243446767968771
1096.38818359375,0.0624148238240337
1103.117431640625,0.06248089138995612
1126.69140625,0.06245884068578969
1219.197998046875,0.062435600855329086
1074.8096923828125,0.06241117234102718
1185.06689453125,0.062499405045045905
1184.0897216796875,0.06249762019151071
1183.1234130859375,0.06249464547337544
1183.01416015625,0.062490480947274454
1185.6710205078125,0.06248512669249432
1410.632568359375,0.06247858281097233
1438.9012451171875,0.062470849427294556
1075.9244384765625,0.062461926688693485
500.0871276855469,0.06245181476504518
1181.943115234375,0.0625
1182.83349609375,0.062499405045045905
1180.4613037109375,0.06249762019151071
1181.08984375,0.06249464547337544
1181.37744140625,0.062490480947274454
1179.830322265625,0.06248512669249432
1181.9212646484375,0.06247858281097233
1180.5733642578125,0.062470849427294556
1176.9476318359375,0.062461926688693485
1171.3492431640625,0.06245181476504518
1157.3775634765625,0.06244051384886611
1152.5106201171875,0.06242802415530942
1137.1895751953125,0.062414345922160865
1101.06201171875,0.06248089138995612
1115.520263671875,0.06245884068578969
1185.4444580078125,0.062435600855329086
951.9191284179688,0.06241117234102718
725.9358520507812,0.06247256475108812
230.9498291015625,0.06244572290278683
1183.3736572265625,0.062499405045045905
1181.75830078125,0.06249762019151071
1183.2520751953125,0.06249464547337544
1182.7344970703125,0.062490480947274454
1182.665283203125,0.06248512669249432
1243.808349609375,0.06247858281097233
1283.603271484375,0.062470849427294556
1132.3651123046875,0.062461926688693485
623.6654052734375,0.06245181476504518
313.4064636230469,0.06244051384886611
1180.4781494140625,0.0625
1180.601318359375,0.062499405045045905
1178.5015869140625,0.06249762019151071
1179.20556640625,0.06249464547337544
1179.756103515625,0.062490480947274454
1181.0516357421875,0.06248512669249432
1181.144775390625,0.06247858281097233
1179.6466064453125,0.062470849427294556
1181.208251953125,0.062461926688693485
1183.5279541015625,0.06245181476504518
1181.5574951171875,0.06244051384886611
1178.4642333984375,0.06242802415530942
1177.85693359375,0.062414345922160865
1172.4893798828125,0.0624862658902421
1155.708740234375,0.06247018905283364
1135.4547119140625,0.062452922873074454
1130.615966796875,0.06243446767968771
1119.6051025390625,0.0624148238240337
484.77685546875,0.06247256475105982
183.21316528320312,0.062445722902758544
1185.03369140625,0.0624862658902421
1182.9490966796875,0.06247018905283364
1178.2677001953125,0.062452922873074454
1172.438720703125,0.06243446767968771
1159.62841796875,0.0624148238240337
1134.841552734375,0.06248089138995612
1182.140869140625,0.06245884068578969
1159.7342529296875,0.062435600855329086
874.5464477539062,0.06241117234102718
1183.888427734375,0.062499405045045905
1183.9193115234375,0.06249762019151071
1183.6805419921875,0.06249464547337544
1184.095458984375,0.062490480947274454
1181.8138427734375,0.06248512669249432
1193.7667236328125,0.06247858281097233
1419.4986572265625,0.062470849427294556
1652.0072021484375,0.062461926688693485
1447.2177734375,0.06245181476504518
937.9766845703125,0.06244051384886611
1183.31494140625,0.0625
1179.844482421875,0.062499405045045905
1178.95947265625,0.06249762019151071
1179.6497802734375,0.06249464547337544
1181.1026611328125,0.062490480947274454
1182.340087890625,0.06248512669249432
1177.52587890625,0.06247858281097233
1153.751953125,0.062470849427294556
1138.2486572265625,0.062461926688693485
1144.94873046875,0.06245181476504518
1173.2794189453125,0.06244051384886611
1183.7669677734375,0.06242802415530942
1181.5955810546875,0.062414345922160865
1175.469482421875,0.06248089138995612
1266.5484619140625,0.06245884068578969
1151.4705810546875,0.062435600855329086
852.1600341796875,0.06241117234102718
329.8102111816406,0.06247256475107397
1183.5712890625,0.062499405045045905
1184.84521484375,0.06249762019151071
1183.3128662109375,0.06249464547337544
1182.2921142578125,0.062490480947274454
1183.403564453125,0.06248512669249432
1176.5543212890625,0.06247858281097233
1734.142578125,0.062470849427294556
2243.378662109375,0.062461926688693485
2077.828125,0.06245181476504518
1193.679443359375,0.06244051384886611
1182.103759765625,0.0625
1182.2142333984375,0.062499405045045905
1182.3214111328125,0.06249762019151071
1181.77490234375,0.06249464547337544
1182.13232421875,0.062490480947274454
1180.9937744140625,0.06248512669249432
1167.238037109375,0.06247858281097233
1130.7532958984375,0.062470849427294556
1111.069580078125,0.062461926688693485
1116.947509765625,0.06245181476504518
1163.77197265625,0.06244051384886611
1182.864013671875,0.06242802415530942
1183.414306640625,0.062414345922160865
1185.62060546875,0.0624862658902421
1187.4017333984375,0.06247018905283364
1187.5577392578125,0.062452922873074454
1186.1373291015625,0.06243446767968771
1184.837890625,0.0624148238240337
348.4017639160156,0.06247256475107397
1185.075927734375,0.0624862658902421
1186.6551513671875,0.06247018905283364
1187.021728515625,0.062452922873074454
1186.695556640625,0.06243446767968771
1185.4356689453125,0.0624148238240337
1213.20703125,0.06248089138995612
1277.4464111328125,0.06245884068578969
1148.348388671875,0.062435600855329086
684.728271484375,0.06241117234102718
1183.631103515625,0.062499405045045905
1184.2469482421875,0.06249762019151071
1183.6839599609375,0.06249464547337544
1184.06201171875,0.062490480947274454
1177.7501220703125,0.06248512669249432
1135.619384765625,0.06247858281097233
1705.072998046875,0.062470849427294556
2195.17333984375,0.062461926688693485
2179.94775390625,0.06245181476504518
1296.510009765625,0.06244051384886611
1182.468994140625,0.0625
1182.7030029296875,0.062499405045045905
1182.8173828125,0.06249762019151071
1182.99609375,0.06249464547337544
1182.283203125,0.062490480947274454
1181.6571044921875,0.06248512669249432
1173.375244140625,0.06247858281097233
1128.42822265625,0.062470849427294556
1107.3406982421875,0.062461926688693485
1119.514892578125,0.06245181476504518
1156.1336669921875,0.06244051384886611
1183.130126953125,0.06242802415530942
1186.2474365234375,0.062414345922160865
1248.2100830078125,0.06248089138995612
1262.9122314453125,0.06245884068578969
1066.722412109375,0.062435600855329086
582.3114013671875,0.06241117234102718
1183.961669921875,0.062499405045045905
1181.1947021484375,0.06249762019151071
1168.8265380859375,0.06249464547337544
1135.5262451171875,0.062490480947274454
1069.653076171875,0.06248512669249432
945.3350219726562,0.06247858281097233
1118.537109375,0.062470849427294556
1528.2681884765625,0.062461926688693485
1428.893798828125,0.06245181476504518
827.5596923828125,0.06244051384886611
1182.77685546875,0.0625
1182.9703369140625,0.062499405045045905
1183.362548828125,0.06249762019151071
1183.3416748046875,0.06249464547337544
1184.457763671875,0.062490480947274454
1184.6529541015625,0.06248512669249432
1177.055908203125,0.06247858281097233
1155.06591796875,0.062470849427294556
1136.78076171875,0.062461926688693485
1146.0128173828125,0.06245181476504518
1174.140380859375,0.06244051384886611
1187.6224365234375,0.06242802415530942
1188.25732421875,0.062414345922160865
1187.8134765625,0.0624862658902421
1186.3109130859375,0.06247018905283364
1187.93798828125,0.062452922873074454
1186.7978515625,0.06243446767968771
1188.0223388671875,0.0624148238240337
1187.6898193359375,0.0624862658902421
1186.734619140625,0.06247018905283364
1188.797119140625,0.062452922873074454
1187.63720703125,0.06243446767968771
1190.017333984375,0.0624148238240337
1276.4803466796875,0.06248089138995612
1223.2926025390625,0.06245884068578969
1023.9275512695312,0.062435600855329086
451.813232421875,0.06241117234102718
1114.2562255859375,0.062499405045045905
1052.5194091796875,0.06249762019151071
976.655517578125,0.06249464547337544
914.3505859375,0.062490480947274454
850.7402954101562,0.06248512669249432
624.8079223632812,0.06247858281097233
502.89312744140625,0.062470849427294556
690.1370849609375,0.062461926688693485
467.0641784667969,0.06245181476504518
201.02935791015625,0.06244051384886611
1159.467529296875,0.0625
1174.864501953125,0.062499405045045905
1182.8013916015625,0.06249762019151071
1186.2894287109375,0.06249464547337544
1187.493408203125,0.062490480947274454
1185.2440185546875,0.06248512669249432
1183.7908935546875,0.06247858281097233
1183.06591796875,0.062470849427294556
1183.637939453125,0.062461926688693485
1182.87744140625,0.06245181476504518
1185.9354248046875,0.06244051384886611
1186.8031005859375,0.06242802415530942
1188.3211669921875,0.062414345922160865
1284.004638671875,0.06248089138995612
1148.7579345703125,0.06245884068578969
801.0632934570312,0.062435600855329086
317.30645751953125,0.06241117234102718
826.2378540039062,0.062499405045045905
740.303955078125,0.06249762019151071
628.269287109375,0.06249464547337544
446.4359436035156,0.062490480947274454
310.77215576171875,0.06248512669249432
270.95599365234375,0.06247858281097233
205.54522705078125,0.062470849427294556
172.6641845703125,0.062461926688693485
885.339599609375,0.0625
999.2129516601562,0.062499405045045905
1059.3685302734375,0.06249762019151071
1130.793701171875,0.06249464547337544
1150.450439453125,0.062490480947274454
1178.9925537109375,0.06248512669249432
1184.822021484375,0.06247858281097233
1175.879638671875,0.062470849427294556
1164.343994140625,0.062461926688693485
1178.240966796875,0.06245181476504518
1188.2607421875,0.06244051384886611
1187.3648681640625,0.06242802415530942
1187.0799560546875,0.062414345922160865
1188.9151611328125,0.0624862658902421
1188.56982421875,0.06247018905283364
1189.60205078125,0.062452922873074454
1188.5062255859375,0.06243446767968771
1200.648681640625,0.0624148238240337
1187.7664794921875,0.0624862658902421
1187.4056396484375,0.06247018905283364
1188.00390625,0.062452922873074454
1189.5887451171875,0.06243446767968771
1238.5870361328125,0.0624148238240337
1262.275146484375,0.06248089138995612
1056.360595703125,0.06245884068578969
549.4766845703125,0.062435600855329086
232.72178649902344,0.06241117234102718
507.5174560546875,0.062499405045045905
391.1854248046875,0.06249762019151071
197.64669799804688,0.06249464547337544
584.9197998046875,0.0625
665.69970703125,0.062499405045045905
847.9566650390625,0.06249762019151071
893.0374755859375,0.06249464547337544
1017.4157104492188,0.062490480947274454
1073.8953857421875,0.06248512669249432
1095.2548828125,0.06247858281097233
1116.6549072265625,0.062470849427294556
1097.556884765625,0.062461926688693485
1144.9158935546875,0.06245181476504518
1175.760009765625,0.06244051384886611
1188.889892578125,0.06242802415530942
1186.4825439453125,0.062414345922160865
1247.001708984375,0.06248089138995612
951.7283935546875,0.06245884068578969
478.5406494140625,0.062435600855329086
232.64634704589844,0.06241117234102718
189.43067932128906,0.0625
325.60552978515625,0.06249762019151071
497.1976013183594,0.06249464547337544
622.2168579101562,0.062490480947274454
721.251708984375,0.06248512669249432
802.6128540039062,0.06247858281097233
843.8687133789062,0.062470849427294556
921.2620239257812,0.062461926688693485
994.8627319335938,0.06245181476504518
1088.423583984375,0.06244051384886611
1152.854248046875,0.06242802415530942
1184.4931640625,0.062414345922160865
1186.59716796875,0.0624862658902421
1189.03173828125,0.06247018905283364
1189.541748046875,0.062452922873074454
1192.00048828125,0.06243446767968771
1255.150390625,0.0624148238240337
1112.5234375,0.0624862658902421
1168.458984375,0.06247018905283364
1187.8748779296875,0.062452922873074454
1194.30078125,0.06243446767968771
1293.879150390625,0.0624148238240337
1215.610595703125,0.06248089138995612
754.1083984375,0.06245884068578969
377.7831726074219,0.062435600855329086
197.29994201660156,0.06249762019151071
180.27523803710938,0.06249464547337544
262.8662109375,0.062490480947274454
454.5188293457031,0.06247858281097233
544.8245849609375,0.062470849427294556
583.629150390625,0.062461926688693485
732.526611328125,0.06245181476504518
842.7291259765625,0.06244051384886611
949.844970703125,0.06242802415530942
1033.3662109375,0.062414345922160865
1107.8397216796875,0.06248089138995612
685.8358764648438,0.06245884068578969
342.6202697753906,0.062435600855329086
217.18653869628906,0.062470849427294556
298.4656982421875,0.062461926688693485
288.7141418457031,0.06245181476504518
497.4259948730469,0.06244051384886611
550.7871704101562,0.06242802415530942
760.9771728515625,0.062414345922160865
867.8435668945312,0.0624862658902421
1014.0648803710938,0.06247018905283364
1064.6163330078125,0.062452922873074454
1122.0338134765625,0.06243446767968771
1221.4027099609375,0.0624148238240337
571.5692749023438,0.0624862658902421
639.1228637695312,0.06247018905283364
708.9249877929688,0.062452922873074454
877.4239501953125,0.06243446767968771
1001.9911499023438,0.0624148238240337
904.2421875,0.06248089138995612
506.6848449707031,0.06245884068578969
208.23406982421875,0.062435600855329086
224.12063598632812,0.06242802415530942
333.8055419921875,0.062414345922160865
601.0850830078125,0.06248089138995612
251.0064697265625,0.06245884068578969
258.22808837890625,0.0624862658902421
276.49725341796875,0.06247018905283364
317.7267761230469,0.062452922873074454
431.671142578125,0.06243446767968771
681.457763671875,0.0624148238240337
211.68641662597656,0.06243446767968771
194.42140197753906,0.0624148238240337
